{
  "variants": {
    "baseline": {
      "all": {
        "n": 1162,
        "cost_usd_per_prompt": [
          0.00042038029259896723,
          0.00030831078958691913,
          0.0005517746041308088
        ],
        "latency_ms_per_prompt": [
          17.13686746987952,
          13.168827022375215,
          21.418748709122198
        ],
        "quality_fit_mean": [
          0.6118227686659271,
          0.5927672902043996,
          0.6302007009344185
        ],
        "total_cost_usd": 0.4884819000000001,
        "backend_mix": {
          "gemma4": 536,
          "claude": 409,
          "gemini": 217
        }
      },
      "real_only": {
        "n": 162,
        "cost_usd_per_prompt": [
          0.001965616049382716,
          0.001185262438271605,
          0.002801788333333333
        ],
        "latency_ms_per_prompt": [
          76.03691358024692,
          50.98986111111111,
          103.54843209876545
        ],
        "quality_fit_mean": [
          0.6202471847013559,
          0.5783243325452699,
          0.6620631189950753
        ],
        "total_cost_usd": 0.31842980000000015,
        "backend_mix": {
          "gemma4": 57,
          "claude": 65,
          "gemini": 40
        }
      }
    },
    "cost_tilted": {
      "all": {
        "n": 1162,
        "cost_usd_per_prompt": [
          0.00042038029259896723,
          0.00030831078958691913,
          0.0005517746041308088
        ],
        "latency_ms_per_prompt": [
          17.13686746987952,
          13.168827022375215,
          21.418748709122198
        ],
        "quality_fit_mean": [
          0.6118227686659271,
          0.5927672902043996,
          0.6302007009344185
        ],
        "total_cost_usd": 0.4884819000000001,
        "backend_mix": {
          "gemma4": 536,
          "claude": 409,
          "gemini": 217
        }
      },
      "real_only": {
        "n": 162,
        "cost_usd_per_prompt": [
          0.001965616049382716,
          0.001185262438271605,
          0.002801788333333333
        ],
        "latency_ms_per_prompt": [
          76.03691358024692,
          50.98986111111111,
          103.54843209876545
        ],
        "quality_fit_mean": [
          0.6202471847013559,
          0.5783243325452699,
          0.6620631189950753
        ],
        "total_cost_usd": 0.31842980000000015,
        "backend_mix": {
          "gemma4": 57,
          "claude": 65,
          "gemini": 40
        }
      }
    },
    "quality_tilted": {
      "all": {
        "n": 1162,
        "cost_usd_per_prompt": [
          0.0004640252151462995,
          0.0003526523257314975,
          0.0005947421858864027
        ],
        "latency_ms_per_prompt": [
          18.69786574870912,
          14.699133390705681,
          23.054747848537005
        ],
        "quality_fit_mean": [
          0.7012429137853665,
          0.6883875455627163,
          0.7137977602389896
        ],
        "total_cost_usd": 0.5391973000000011,
        "backend_mix": {
          "gemma4": 310,
          "claude": 570,
          "gemini": 282
        }
      },
      "real_only": {
        "n": 162,
        "cost_usd_per_prompt": [
          0.0019887839506172837,
          0.0012078533950617284,
          0.0028232991049382708
        ],
        "latency_ms_per_prompt": [
          77.1216049382716,
          52.130271604938265,
          104.53581790123455
        ],
        "quality_fit_mean": [
          0.6845717823799745,
          0.654243405899148,
          0.7149690701223818
        ],
        "total_cost_usd": 0.32218300000000016,
        "backend_mix": {
          "gemma4": 34,
          "claude": 78,
          "gemini": 50
        }
      }
    },
    "latency_tilted": {
      "all": {
        "n": 1162,
        "cost_usd_per_prompt": [
          0.00042038029259896723,
          0.00030831078958691913,
          0.0005517746041308088
        ],
        "latency_ms_per_prompt": [
          17.13686746987952,
          13.168827022375215,
          21.418748709122198
        ],
        "quality_fit_mean": [
          0.6118227686659271,
          0.5927672902043996,
          0.6302007009344185
        ],
        "total_cost_usd": 0.4884819000000001,
        "backend_mix": {
          "gemma4": 536,
          "claude": 409,
          "gemini": 217
        }
      },
      "real_only": {
        "n": 162,
        "cost_usd_per_prompt": [
          0.001965616049382716,
          0.001185262438271605,
          0.002801788333333333
        ],
        "latency_ms_per_prompt": [
          76.03691358024692,
          50.98986111111111,
          103.54843209876545
        ],
        "quality_fit_mean": [
          0.6202471847013559,
          0.5783243325452699,
          0.6620631189950753
        ],
        "total_cost_usd": 0.31842980000000015,
        "backend_mix": {
          "gemma4": 57,
          "claude": 65,
          "gemini": 40
        }
      }
    },
    "no_bonuses": {
      "all": {
        "n": 1162,
        "cost_usd_per_prompt": [
          0.0004748984509466436,
          0.0003635310176419966,
          0.0006062708928571426
        ],
        "latency_ms_per_prompt": [
          19.162185886402757,
          15.219913080895008,
          23.48261531841652
        ],
        "quality_fit_mean": [
          0.7231338483248573,
          0.7112052033424819,
          0.7345575946219275
        ],
        "total_cost_usd": 0.5518320000000015,
        "backend_mix": {
          "gemma4": 180,
          "claude": 630,
          "gemini": 352
        }
      },
      "real_only": {
        "n": 162,
        "cost_usd_per_prompt": [
          0.0020009938271604937,
          0.00121862,
          0.002832919351851851
        ],
        "latency_ms_per_prompt": [
          77.27617283950617,
          52.247916666666676,
          104.59006790123458
        ],
        "quality_fit_mean": [
          0.7024846271278313,
          0.6731568413999299,
          0.7291639174420937
        ],
        "total_cost_usd": 0.3241610000000002,
        "backend_mix": {
          "gemma4": 17,
          "claude": 88,
          "gemini": 57
        }
      }
    },
    "softer_bonuses": {
      "all": {
        "n": 1162,
        "cost_usd_per_prompt": [
          0.00046794595524956976,
          0.0003567120288296041,
          0.0005995193201376934
        ],
        "latency_ms_per_prompt": [
          18.915473321858865,
          14.9645830464716,
          23.236235370051634
        ],
        "quality_fit_mean": [
          0.7161350109776331,
          0.7040424216811573,
          0.7280089159852788
        ],
        "total_cost_usd": 0.5437532000000013,
        "backend_mix": {
          "gemma4": 239,
          "claude": 588,
          "gemini": 335
        }
      },
      "real_only": {
        "n": 162,
        "cost_usd_per_prompt": [
          0.0019984987654320984,
          0.001216893888888889,
          0.002831624166666666
        ],
        "latency_ms_per_prompt": [
          77.1653086419753,
          52.12649074074075,
          104.45179629629628
        ],
        "quality_fit_mean": [
          0.6945161884995522,
          0.6630610686859093,
          0.7230722321717666
        ],
        "total_cost_usd": 0.3237568000000001,
        "backend_mix": {
          "gemma4": 25,
          "claude": 86,
          "gemini": 51
        }
      }
    },
    "cost_no_bonuses": {
      "all": {
        "n": 1162,
        "cost_usd_per_prompt": [
          0.00045340895008605847,
          0.000350833758605852,
          0.0005757187435456111
        ],
        "latency_ms_per_prompt": [
          18.729036144578313,
          14.876404044750432,
          22.915114888123924
        ],
        "quality_fit_mean": [
          0.7239779727890119,
          0.7124232404747206,
          0.7354841157364805
        ],
        "total_cost_usd": 0.5268612000000009,
        "backend_mix": {
          "gemma4": 175,