{
  "variants": {
    "baseline": {
      "all": {
        "n": 2500,
        "cost_usd_per_prompt": [
          0.0001116406,
          7.582419000000001e-05,
          0.00015023056599999994
        ],
        "latency_ms_per_prompt": [
          14.741832,
          13.306010000000004,
          16.2618988
        ],
        "quality_fit_mean": [
          0.47348864300847054,
          0.46546745514415205,
          0.480986914922595
        ],
        "total_cost_usd": 0.2791014999999998,
        "backend_mix": {
          "gemma4": 2376,
          "gemini": 80,
          "claude": 44
        }
      },
      "real_only": {
        "n": 0,
        "cost_usd_per_prompt": [
          NaN,
          NaN,
          NaN
        ],
        "latency_ms_per_prompt": [
          NaN,
          NaN,
          NaN
        ],
        "quality_fit_mean": [
          NaN,
          NaN,
          NaN
        ],
        "total_cost_usd": 0,
        "backend_mix": {}
      }
    },
    "cost_tilted": {
      "all": {
        "n": 2500,
        "cost_usd_per_prompt": [
          0.00010398775999999999,
          7.111819e-05,
          0.00014347576799999994
        ],
        "latency_ms_per_prompt": [
          14.5762,
          13.1972686,
          16.091153799999997
        ],
        "quality_fit_mean": [
          0.4727174343764782,
          0.46481024596679954,
          0.48016823168132455
        ],
        "total_cost_usd": 0.25996939999999985,
        "backend_mix": {
          "gemma4": 2379,
          "gemini": 81,
          "claude": 40
        }
      },
      "real_only": {
        "n": 0,
        "cost_usd_per_prompt": [
          NaN,
          NaN,
          NaN
        ],
        "latency_ms_per_prompt": [
          NaN,
          NaN,
          NaN
        ],
        "quality_fit_mean": [
          NaN,
          NaN,
          NaN
        ],
        "total_cost_usd": 0,
        "backend_mix": {}
      }
    },
    "quality_tilted": {
      "all": {
        "n": 2500,
        "cost_usd_per_prompt": [
          0.00021194979999999996,
          0.00016967991900000001,
          0.000258164738
        ],
        "latency_ms_per_prompt": [
          19.098679999999998,
          17.501837800000004,
          20.869986
        ],
        "quality_fit_mean": [
          0.5107697182029486,
          0.5035170065323263,
          0.51771204755418
        ],
        "total_cost_usd": 0.5298745,
        "backend_mix": {
          "gemma4": 2165,
          "gemini": 215,
          "claude": 120
        }
      },
      "real_only": {
        "n": 0,
        "cost_usd_per_prompt": [
          NaN,
          NaN,
          NaN
        ],
        "latency_ms_per_prompt": [
          NaN,
          NaN,
          NaN
        ],
        "quality_fit_mean": [
          NaN,
          NaN,
          NaN
        ],
        "total_cost_usd": 0,
        "backend_mix": {}
      }
    },
    "latency_tilted": {
      "all": {
        "n": 2500,
        "cost_usd_per_prompt": [
          0.00010852063999999999,
          7.325650200000002e-05,
          0.00014785209699999999
        ],
        "latency_ms_per_prompt": [
          14.623664000000002,
          13.1637132,
          16.143013399999994
        ],
        "quality_fit_mean": [
          0.4725767386615276,
          0.46471298390064386,
          0.4800139057650417
        ],
        "total_cost_usd": 0.2713015999999998,
        "backend_mix": {
          "gemma4": 2380,
          "gemini": 79,
          "claude": 41
        }
      },
      "real_only": {
        "n": 0,
        "cost_usd_per_prompt": [
          NaN,
          NaN,
          NaN
        ],
        "latency_ms_per_prompt": [
          NaN,
          NaN,
          NaN
        ],
        "quality_fit_mean": [
          NaN,
          NaN,
          NaN
        ],
        "total_cost_usd": 0,
        "backend_mix": {}
      }
    },
    "no_bonuses": {
      "all": {
        "n": 2500,
        "cost_usd_per_prompt": [
          0.00040957992,
          0.00036416216800000005,
          0.00045704115100000004
        ],
        "latency_ms_per_prompt": [
          28.365536,
          26.6148488,
          30.1709346
        ],
        "quality_fit_mean": [
          0.556617089164257,
          0.5511557236169279,
          0.5621030164086074
        ],
        "total_cost_usd": 1.0239497999999998,
        "backend_mix": {
          "gemma4": 1598,
          "gemini": 559,
          "claude": 343
        }
      },
      "real_only": {
        "n": 0,
        "cost_usd_per_prompt": [
          NaN,
          NaN,
          NaN
        ],
        "latency_ms_per_prompt": [
          NaN,
          NaN,
          NaN
        ],
        "quality_fit_mean": [
          NaN,
          NaN,
          NaN
        ],
        "total_cost_usd": 0,
        "backend_mix": {}
      }
    },
    "softer_bonuses": {
      "all": {
        "n": 2500,
        "cost_usd_per_prompt": [
          0.000309781,
          0.00026650561900000007,
          0.00035630135299999995
        ],
        "latency_ms_per_prompt": [
          23.555272,
          21.897943400000003,
          25.367167
        ],
        "quality_fit_mean": [
          0.5406871578454971,
          0.5346995751103014,
          0.5465245638608933
        ],
        "total_cost_usd": 0.7744525000000002,
        "backend_mix": {
          "gemma4": 1905,
          "gemini": 358,
          "claude": 237
        }
      },
      "real_only": {
        "n": 0,
        "cost_usd_per_prompt": [
          NaN,
          NaN,
          NaN
        ],
        "latency_ms_per_prompt": [
          NaN,
          NaN,
          NaN
        ],
        "quality_fit_mean": [
          NaN,
          NaN,
          NaN
        ],
        "total_cost_usd": 0,
        "backend_mix": {}
      }
    },
    "cost_no_bonuses": {
      "all": {
        "n": 2500,
        "cost_usd_per_prompt": [
          0.00039498755999999995,
          0.000351462024,
          0.00043981957
        ],
        "latency_ms_per_prompt": [
          28.039983999999997,
          26.3456218,
          29.802000800000002
        ],
        "quality_fit_mean": [
          0.556501790830493,
          0.5510181709583848,
          0.5620341307474672
        ],
        "total_cost_usd": 0.987468900000001,
        "backend_mix": {
          "gemma4": 1604,
          "gemini": 565,
          "claude": 331
        }
      },
      "real_only": {
        "n": 0,
        "cost_usd_per_prompt": [
          NaN,
          NaN,
          NaN
        ],
        "latency_ms_per_prompt": [
          NaN,
          NaN,
          NaN
        ],
        "quality_fit_mean": [
          NaN,
          NaN,
          NaN
        ],
        "total_cost_usd": 0,
        "backend_mix": {}
      }
    },
    "qual_no_bonuses": {
      "all": {
        "n": 2500,
        "cost_usd_per_prompt": [
          0.00045691064,
          0.000406545528,
          0.0005082619529999999
        ],
        "latency_ms_per_prompt": [
          30.048128000000002,
          28.179660799999997,
          32.0159492
        ],
        "quality_fit_mean": [
          0.5595414616554976,
          0.5542437275045364,
          0.5648245621255785
        ],
        "total_cost_usd": 1.1422765999999984,
        "backend_mix": {
          "gemma4": 1521,
          "gemini": 592,
          "claude": 387
        }
      },
      "real_only": {
        "n": 0,
        "cost_usd_per_prompt": [
          NaN,
          NaN,
          NaN
        ],
        "latency_ms_per_prompt": [
          NaN,
          NaN,
          NaN
        ],
        "quality_fit_mean": [
          NaN,
          NaN,
          NaN
        ],
        "total_cost_usd": 0,
        "backend_mix": {}
      }
    },
    "all_gemma4": {
      "all": {
        "n": 2500,
        "cost_usd_per_prompt": [
          0.0,
          0.0,
          0.0
        ],